{"cameraMode":{"drawMode":0,"name":"Shaded","section":"Shading Mode"},"sceneLighting":true,"audioPlay":false,"sceneViewState":{"showFog":true,"showMaterialUpdate":true,"showSkybox":true,"showFlares":true,"showImageEffects":true,"showParticleSystems":true},"in2DMode":false,"pivot":{"x":4.707572937011719,"y":0.7774133682250977,"z":-10.796562194824219},"rotation":{"x":0.003065859666094184,"y":0.994758129119873,"z":-0.09729746729135513,"w":0.03134528920054436},"size":1.0633320808410645,"orthographic":false}